city,country,date_time,temperature_celsius,feels_like_celsius,temperature_min_celsius,temperature_max_celsius,weather,pressure,humidity,wind_speed,wind_deg,lat,lon
Vancouver,CA,2025-04-13 13:00:00,7.26,6.21,7.22,7.26,few clouds,1030,73,1.79,113,49.2497,-123.1193
Vancouver,CA,2025-04-13 14:00:00,7.7,7.05,7.7,9.48,scattered clouds,1030,71,1.48,144,49.2497,-123.1193
Vancouver,CA,2025-04-13 15:00:00,9.02,8.39,9.02,11.67,scattered clouds,1030,69,1.63,210,49.2497,-123.1193
Vancouver,CA,2025-04-13 16:00:00,10.58,9.42,10.58,12.79,broken clouds,1029,66,2.41,231,49.2497,-123.1193
Vancouver,CA,2025-04-13 17:00:00,12,10.95,12,13.19,broken clouds,1029,65,3.1,243,49.2497,-123.1193
Vancouver,CA,2025-04-13 18:00:00,14.32,13.4,14.32,14.32,overcast clouds,1028,61,3.02,249,49.2497,-123.1193
Vancouver,CA,2025-04-13 19:00:00,14.65,13.79,14.65,14.65,overcast clouds,1028,62,2.55,265,49.2497,-123.1193
Vancouver,CA,2025-04-13 20:00:00,15.17,14.34,15.17,15.17,overcast clouds,1027,61,1.94,277,49.2497,-123.1193
Vancouver,CA,2025-04-13 21:00:00,14.71,13.78,14.71,14.71,overcast clouds,1027,59,1.45,282,49.2497,-123.1193
Vancouver,CA,2025-04-13 22:00:00,13.94,12.9,13.94,13.94,overcast clouds,1027,58,1.53,287,49.2497,-123.1193
Vancouver,CA,2025-04-13 23:00:00,12.6,11.51,12.6,12.6,overcast clouds,1026,61,1.79,290,49.2497,-123.1193
Vancouver,CA,2025-04-14 00:00:00,11.01,9.81,11.01,11.01,overcast clouds,1026,63,2.11,302,49.2497,-123.1193
Vancouver,CA,2025-04-14 01:00:00,10.01,8.79,10.01,10.01,overcast clouds,1026,66,1.9,316,49.2497,-123.1193
Vancouver,CA,2025-04-14 02:00:00,9.63,8.89,9.63,9.63,overcast clouds,1026,68,1.85,323,49.2497,-123.1193
Vancouver,CA,2025-04-14 03:00:00,9.65,9.18,9.65,9.65,overcast clouds,1026,69,1.57,334,49.2497,-123.1193
Vancouver,CA,2025-04-14 04:00:00,8.69,8.69,8.69,8.69,overcast clouds,1025,71,1.13,349,49.2497,-123.1193
Vancouver,CA,2025-04-14 05:00:00,8.61,8.61,8.61,8.61,overcast clouds,1025,73,0.57,351,49.2497,-123.1193
Vancouver,CA,2025-04-14 06:00:00,8.41,8.41,8.41,8.41,overcast clouds,1025,75,0.51,339,49.2497,-123.1193
Vancouver,CA,2025-04-14 07:00:00,8.34,8.34,8.34,8.34,overcast clouds,1024,76,0.67,41,49.2497,-123.1193
Vancouver,CA,2025-04-14 08:00:00,8.2,8.2,8.2,8.2,overcast clouds,1024,76,0.82,91,49.2497,-123.1193
Vancouver,CA,2025-04-14 09:00:00,8.05,8.05,8.05,8.05,overcast clouds,1023,76,1.02,122,49.2497,-123.1193
Vancouver,CA,2025-04-14 10:00:00,7.78,7.78,7.78,7.78,overcast clouds,1023,77,1.02,118,49.2497,-123.1193
Vancouver,CA,2025-04-14 11:00:00,7.78,7.78,7.78,7.78,overcast clouds,1023,75,0.88,100,49.2497,-123.1193
Vancouver,CA,2025-04-14 12:00:00,8.76,8.76,8.76,8.76,overcast clouds,1023,71,0.24,156,49.2497,-123.1193
Victoria,CA,2025-04-13 13:00:00,6.99,6.33,6.99,7.19,scattered clouds,1030,81,1.41,330,48.4329,-123.3693
Victoria,CA,2025-04-13 14:00:00,7.27,7.27,7.27,8.39,scattered clouds,1030,79,1.26,354,48.4329,-123.3693
Victoria,CA,2025-04-13 15:00:00,7.98,7.98,7.98,9.46,scattered clouds,1030,77,1.19,26,48.4329,-123.3693
Victoria,CA,2025-04-13 16:00:00,9.18,9.18,9.18,10.64,scattered clouds,1029,75,1.3,53,48.4329,-123.3693
Victoria,CA,2025-04-13 17:00:00,10.49,9.42,10.49,11.36,broken clouds,1029,70,1.48,64,48.4329,-123.3693
Victoria,CA,2025-04-13 18:00:00,13.03,12.06,13.03,13.03,broken clouds,1028,64,2.06,65,48.4329,-123.3693
Victoria,CA,2025-04-13 19:00:00,12.92,11.89,12.92,12.92,broken clouds,1028,62,2.3,64,48.4329,-123.3693
Victoria,CA,2025-04-13 20:00:00,13.57,12.58,13.57,13.57,broken clouds,1027,61,2.05,73,48.4329,-123.3693
Victoria,CA,2025-04-13 21:00:00,13.37,12.36,13.37,13.37,broken clouds,1027,61,1.63,79,48.4329,-123.3693
Victoria,CA,2025-04-13 22:00:00,12.28,11.18,12.28,12.28,overcast clouds,1027,62,0.92,78,48.4329,-123.3693
Victoria,CA,2025-04-13 23:00:00,11.24,10.2,11.24,11.24,overcast clouds,1027,68,0.55,338,48.4329,-123.3693
Victoria,CA,2025-04-14 00:00:00,10.15,9.07,10.15,10.15,overcast clouds,1026,71,1.26,294,48.4329,-123.3693
Victoria,CA,2025-04-14 01:00:00,9.62,9.08,9.62,9.62,overcast clouds,1027,75,1.63,277,48.4329,-123.3693
Victoria,CA,2025-04-14 02:00:00,9.49,8.98,9.49,9.49,overcast clouds,1026,77,1.58,280,48.4329,-123.3693
Victoria,CA,2025-04-14 03:00:00,8.8,8.8,8.8,8.8,overcast clouds,1026,79,1.26,296,48.4329,-123.3693
Victoria,CA,2025-04-14 04:00:00,7.44,7.44,7.44,7.44,overcast clouds,1026,80,1.3,312,48.4329,-123.3693
Victoria,CA,2025-04-14 05:00:00,7.43,7.43,7.43,7.43,overcast clouds,1025,79,1.31,323,48.4329,-123.3693
Victoria,CA,2025-04-14 06:00:00,7.51,6.95,7.51,7.51,overcast clouds,1025,78,1.38,345,48.4329,-123.3693
Victoria,CA,2025-04-14 07:00:00,7.45,6.64,7.45,7.45,overcast clouds,1024,78,1.59,352,48.4329,-123.3693
Victoria,CA,2025-04-14 08:00:00,7.34,6.56,7.34,7.34,overcast clouds,1024,78,1.55,358,48.4329,-123.3693
Victoria,CA,2025-04-14 09:00:00,6.99,6.03,6.99,6.99,overcast clouds,1024,79,1.66,4,48.4329,-123.3693
Victoria,CA,2025-04-14 10:00:00,6.64,5.6,6.64,6.64,overcast clouds,1023,80,1.69,359,48.4329,-123.3693
Victoria,CA,2025-04-14 11:00:00,6.77,5.65,6.77,6.77,overcast clouds,1023,79,1.78,354,48.4329,-123.3693
Victoria,CA,2025-04-14 12:00:00,8.13,7.22,8.13,8.13,overcast clouds,1023,74,1.78,358,48.4329,-123.3693
Calgary,CA,2025-04-13 13:00:00,2,-1.16,2,3.01,few clouds,1025,58,3.08,314,51.0501,-114.0853
Calgary,CA,2025-04-13 14:00:00,2.44,-0.26,2.44,4.2,few clouds,1025,55,2.64,312,51.0501,-114.0853
Calgary,CA,2025-04-13 15:00:00,2.83,0.62,2.83,4.08,few clouds,1025,50,2.2,275,51.0501,-114.0853
Calgary,CA,2025-04-13 16:00:00,3.55,1.27,3.55,4.59,few clouds,1024,45,2.41,238,51.0501,-114.0853
Calgary,CA,2025-04-13 17:00:00,4.02,2.09,4.02,4.53,few clouds,1023,41,2.13,251,51.0501,-114.0853
Calgary,CA,2025-04-13 18:00:00,4.83,3.49,4.83,4.83,few clouds,1021,32,1.71,225,51.0501,-114.0853
Calgary,CA,2025-04-13 19:00:00,4.64,2.52,4.64,4.64,few clouds,1020,34,2.45,218,51.0501,-114.0853
Calgary,CA,2025-04-13 20:00:00,6.81,5.08,6.81,6.81,scattered clouds,1020,39,2.46,250,51.0501,-114.0853
Calgary,CA,2025-04-13 21:00:00,5.91,4.95,5.91,5.91,scattered clouds,1020,42,1.53,301,51.0501,-114.0853
Calgary,CA,2025-04-13 22:00:00,6.26,4.9,6.26,6.26,overcast clouds,1021,42,1.94,319,51.0501,-114.0853
Calgary,CA,2025-04-13 23:00:00,5.12,3.46,5.12,5.12,overcast clouds,1021,45,2.05,352,51.0501,-114.0853
Calgary,CA,2025-04-14 00:00:00,3.17,0.68,3.17,3.17,overcast clouds,1022,49,2.56,352,51.0501,-114.0853
Calgary,CA,2025-04-14 01:00:00,2.16,-0.16,2.16,2.16,overcast clouds,1023,51,2.2,319,51.0501,-114.0853
Calgary,CA,2025-04-14 02:00:00,1.15,-1.51,1.15,1.15,broken clouds,1023,53,2.35,275,51.0501,-114.0853
Calgary,CA,2025-04-14 03:00:00,0.24,-2.64,0.24,0.24,broken clouds,1024,57,2.41,273,51.0501,-114.0853
Calgary,CA,2025-04-14 04:00:00,2.5,0.06,2.5,2.5,few clouds,1024,62,2.37,281,51.0501,-114.0853
Calgary,CA,2025-04-14 05:00:00,1.9,-0.58,1.9,1.9,few clouds,1025,65,2.31,285,51.0501,-114.0853
Calgary,CA,2025-04-14 06:00:00,1.28,-1.19,1.28,1.28,few clouds,1025,66,2.2,280,51.0501,-114.0853
Calgary,CA,2025-04-14 07:00:00,1.04,-1.03,1.04,1.04,few clouds,1025,65,1.83,276,51.0501,-114.0853
Calgary,CA,2025-04-14 08:00:00,0.91,-0.95,0.91,0.91,few clouds,1025,65,1.66,266,51.0501,-114.0853
Calgary,CA,2025-04-14 09:00:00,0.7,-1.17,0.7,0.7,few clouds,1025,64,1.64,253,51.0501,-114.0853
Calgary,CA,2025-04-14 10:00:00,0.63,-0.81,0.63,0.63,broken clouds,1025,64,1.36,242,51.0501,-114.0853
Calgary,CA,2025-04-14 11:00:00,1.87,0.59,1.87,1.87,broken clouds,1024,58,1.36,206,51.0501,-114.0853
Calgary,CA,2025-04-14 12:00:00,3.47,1.71,3.47,3.47,broken clouds,1023,52,1.89,197,51.0501,-114.0853
Edmonton,CA,2025-04-13 13:00:00,4.14,0.38,4.14,5.02,few clouds,1023,49,4.77,296,53.5501,-113.4687
Edmonton,CA,2025-04-13 14:00:00,4.65,0.93,4.65,6.71,few clouds,1023,47,4.94,293,53.5501,-113.4687
Edmonton,CA,2025-04-13 15:00:00,5.99,2.56,5.99,8.77,clear sky,1023,45,5.03,295,53.5501,-113.4687
Edmonton,CA,2025-04-13 16:00:00,7.31,4.08,7.31,9.43,clear sky,1022,41,5.35,297,53.5501,-113.4687
Edmonton,CA,2025-04-13 17:00:00,9.38,6.55,9.38,10.69,scattered clouds,1021,35,5.71,296,53.5501,-113.4687
Edmonton,CA,2025-04-13 18:00:00,11.46,9.34,11.46,11.46,broken clouds,1020,26,5.35,300,53.5501,-113.4687
Edmonton,CA,2025-04-13 19:00:00,11.29,9.13,11.29,11.29,broken clouds,1020,25,5.74,306,53.5501,-113.4687
Edmonton,CA,2025-04-13 20:00:00,10.44,8.27,10.44,10.44,broken clouds,1019,28,6.42,317,53.5501,-113.4687
Edmonton,CA,2025-04-13 21:00:00,9.86,7.07,9.86,9.86,broken clouds,1020,33,5.97,328,53.5501,-113.4687
Edmonton,CA,2025-04-13 22:00:00,7.94,5.52,7.94,7.94,overcast clouds,1021,37,3.91,329,53.5501,-113.4687
Edmonton,CA,2025-04-13 23:00:00,5.78,4.4,5.78,5.78,overcast clouds,1021,39,1.88,333,53.5501,-113.4687
Edmonton,CA,2025-04-14 00:00:00,4.19,2.68,4.19,4.19,overcast clouds,1022,42,1.77,340,53.5501,-113.4687
Edmonton,CA,2025-04-14 01:00:00,4.18,2.93,4.18,4.18,overcast clouds,1022,46,1.56,4,53.5501,-113.4687
Edmonton,CA,2025-04-14 02:00:00,4.51,4.51,4.51,4.51,overcast clouds,1023,46,1.09,345,53.5501,-113.4687
Edmonton,CA,2025-04-14 03:00:00,2.77,2.77,2.77,2.77,overcast clouds,1023,46,0.77,327,53.5501,-113.4687
Edmonton,CA,2025-04-14 04:00:00,3.75,3.75,3.75,3.75,broken clouds,1023,48,0.5,277,53.5501,-113.4687
Edmonton,CA,2025-04-14 05:00:00,3.27,3.27,3.27,3.27,broken clouds,1023,50,1.06,233,53.5501,-113.4687
Edmonton,CA,2025-04-14 06:00:00,2.66,0.9,2.66,2.66,overcast clouds,1024,54,1.78,230,53.5501,-113.4687
Edmonton,CA,2025-04-14 07:00:00,2.36,0.82,2.36,2.36,overcast clouds,1023,57,1.58,213,53.5501,-113.4687
Edmonton,CA,2025-04-14 08:00:00,1.99,-0.18,1.99,1.99,overcast clouds,1023,59,2.04,207,53.5501,-113.4687
Edmonton,CA,2025-04-14 09:00:00,1.44,-1.33,1.44,1.44,overcast clouds,1024,62,2.51,197,53.5501,-113.4687
Edmonton,CA,2025-04-14 10:00:00,1.67,-1.14,1.67,1.67,overcast clouds,1023,64,2.6,194,53.5501,-113.4687
Edmonton,CA,2025-04-14 11:00:00,2.59,0.13,2.59,2.59,overcast clouds,1023,62,2.41,195,53.5501,-113.4687
Edmonton,CA,2025-04-14 12:00:00,4.01,1.5,4.01,4.01,overcast clouds,1022,58,2.77,203,53.5501,-113.4687
Regina,CA,2025-04-13 13:00:00,5.67,2.88,4.67,5.67,light rain,1013,83,3.66,36,50.4501,-104.6178
Regina,CA,2025-04-13 14:00:00,5.63,2.25,5.48,5.63,light rain,1013,82,4.74,23,50.4501,-104.6178
Regina,CA,2025-04-13 15:00:00,5.84,2.04,5.84,6.09,overcast clouds,1014,82,5.81,3,50.4501,-104.6178
Regina,CA,2025-04-13 16:00:00,5.54,1.27,5.45,5.54,light rain,1015,87,6.83,342,50.4501,-104.6178
Regina,CA,2025-04-13 17:00:00,5.01,0.52,4.84,5.01,overcast clouds,1016,93,7.02,339,50.4501,-104.6178
Regina,CA,2025-04-13 18:00:00,4.57,0.06,4.57,4.57,light snow,1018,98,6.74,342,50.4501,-104.6178
Regina,CA,2025-04-13 19:00:00,3.85,-0.74,3.85,3.85,light snow,1019,97,6.43,344,50.4501,-104.6178
Regina,CA,2025-04-13 20:00:00,3.47,-1.33,3.47,3.47,overcast clouds,1019,86,6.69,333,50.4501,-104.6178
Regina,CA,2025-04-13 21:00:00,3.4,-0.8,3.4,3.4,light rain,1019,80,5.28,325,50.4501,-104.6178
Regina,CA,2025-04-13 22:00:00,3,-0.86,3,3,overcast clouds,1019,80,4.44,313,50.4501,-104.6178
Regina,CA,2025-04-13 23:00:00,3.5,0.16,3.5,3.5,overcast clouds,1020,80,3.77,316,50.4501,-104.6178
Regina,CA,2025-04-14 00:00:00,2.23,-1.09,2.23,2.23,overcast clouds,1021,82,3.35,313,50.4501,-104.6178
Regina,CA,2025-04-14 01:00:00,2.06,-0.73,2.06,2.06,overcast clouds,1020,82,2.66,306,50.4501,-104.6178
Regina,CA,2025-04-14 02:00:00,1.53,-1.88,1.53,1.53,overcast clouds,1021,85,3.27,300,50.4501,-104.6178
Regina,CA,2025-04-14 03:00:00,-1.71,-5.75,-1.71,-1.71,overcast clouds,1021,89,3.21,306,50.4501,-104.6178
Regina,CA,2025-04-14 04:00:00,0.75,-2.48,0.75,0.75,broken clouds,1021,88,2.86,305,50.4501,-104.6178
Regina,CA,2025-04-14 05:00:00,0.59,-2.51,0.59,0.59,broken clouds,1021,88,2.69,302,50.4501,-104.6178
Regina,CA,2025-04-14 06:00:00,0.55,-2.71,0.55,0.55,overcast clouds,1021,88,2.85,309,50.4501,-104.6178
Regina,CA,2025-04-14 07:00:00,0.09,-3.36,0.09,0.09,overcast clouds,1021,87,2.96,291,50.4501,-104.6178
Regina,CA,2025-04-14 08:00:00,-0.11,-3.69,-0.11,-0.11,overcast clouds,1022,87,3.06,297,50.4501,-104.6178
Regina,CA,2025-04-14 09:00:00,-0.36,-4.31,-0.36,-0.36,broken clouds,1022,86,3.44,302,50.4501,-104.6178
Regina,CA,2025-04-14 10:00:00,-0.13,-3.93,-0.13,-0.13,clear sky,1023,84,3.32,315,50.4501,-104.6178
Regina,CA,2025-04-14 11:00:00,1.34,-2.75,1.34,1.34,clear sky,1023,76,4.18,328,50.4501,-104.6178
Regina,CA,2025-04-14 12:00:00,2.94,-0.85,2.94,2.94,clear sky,1023,69,4.3,329,50.4501,-104.6178
Saskatoon,CA,2025-04-13 13:00:00,3.98,0.04,3.08,3.98,light rain,1017,66,5.05,358,52.1168,-106.6345
Saskatoon,CA,2025-04-13 14:00:00,3.97,-0.59,3.91,3.97,broken clouds,1017,65,6.42,348,52.1168,-106.6345
Saskatoon,CA,2025-04-13 15:00:00,4.12,-0.35,4.12,4.32,overcast clouds,1017,64,6.3,340,52.1168,-106.6345
Saskatoon,CA,2025-04-13 16:00:00,4.65,0.33,4.65,5.09,overcast clouds,1018,60,6.3,333,52.1168,-106.6345
Saskatoon,CA,2025-04-13 17:00:00,5.34,1.13,5.34,5.68,overcast clouds,1018,57,6.51,324,52.1168,-106.6345
Saskatoon,CA,2025-04-13 18:00:00,6.23,2.05,6.23,6.23,overcast clouds,1019,57,7.14,319,52.1168,-106.6345
Saskatoon,CA,2025-04-13 19:00:00,6.35,2.4,6.35,6.35,light rain,1019,58,6.56,330,52.1168,-106.6345
Saskatoon,CA,2025-04-13 20:00:00,6.32,2.57,6.32,6.32,light rain,1019,46,6,337,52.1168,-106.6345
Saskatoon,CA,2025-04-13 21:00:00,5.68,3,5.68,5.68,overcast clouds,1018,40,3.49,348,52.1168,-106.6345
Saskatoon,CA,2025-04-13 22:00:00,5.46,4.56,5.46,5.46,broken clouds,1018,49,1.43,38,52.1168,-106.6345
Saskatoon,CA,2025-04-13 23:00:00,4,4,4,4,overcast clouds,1019,55,1.17,109,52.1168,-106.6345
Saskatoon,CA,2025-04-14 00:00:00,2.6,2.6,2.6,2.6,light rain,1020,65,1.01,231,52.1168,-106.6345
Saskatoon,CA,2025-04-14 01:00:00,1.76,-0.35,1.76,1.76,light snow,1020,67,1.95,274,52.1168,-106.6345
Saskatoon,CA,2025-04-14 02:00:00,1.65,-2.02,1.65,1.65,overcast clouds,1021,70,3.65,308,52.1168,-106.6345
Saskatoon,CA,2025-04-14 03:00:00,1.52,-2.49,1.52,1.52,overcast clouds,1021,72,4.12,314,52.1168,-106.6345
Saskatoon,CA,2025-04-14 04:00:00,1.78,-1.24,1.78,1.78,overcast clouds,1021,73,2.86,341,52.1168,-106.6345
Saskatoon,CA,2025-04-14 05:00:00,1.17,-2.11,1.17,1.17,broken clouds,1021,76,3.02,309,52.1168,-106.6345
Saskatoon,CA,2025-04-14 06:00:00,0.7,-2.8,0.7,0.7,broken clouds,1021,77,3.17,307,52.1168,-106.6345
Saskatoon,CA,2025-04-14 07:00:00,0.53,-3.18,0.53,0.53,scattered clouds,1022,78,3.38,312,52.1168,-106.6345
Saskatoon,CA,2025-04-14 08:00:00,0.29,-3.34,0.29,0.29,scattered clouds,1023,78,3.22,322,52.1168,-106.6345
Saskatoon,CA,2025-04-14 09:00:00,0.04,-3.54,0.04,0.04,scattered clouds,1023,79,3.1,324,52.1168,-106.6345
Saskatoon,CA,2025-04-14 10:00:00,0.25,-2.94,0.25,0.25,clear sky,1024,79,2.72,331,52.1168,-106.6345
Saskatoon,CA,2025-04-14 11:00:00,1.81,-1.54,1.81,1.81,clear sky,1024,72,3.27,345,52.1168,-106.6345
Saskatoon,CA,2025-04-14 12:00:00,3.25,0.04,3.25,3.25,clear sky,1024,67,3.49,342,52.1168,-106.6345
Winnipeg,CA,2025-04-13 13:00:00,6.02,2.54,4.88,6.02,overcast clouds,1011,73,5.15,32,49.8844,-97.147
Winnipeg,CA,2025-04-13 14:00:00,5.95,3.05,5.65,5.95,overcast clouds,1011,73,3.96,21,49.8844,-97.147
Winnipeg,CA,2025-04-13 15:00:00,6.39,3.34,6.39,6.95,overcast clouds,1011,71,4.43,5,49.8844,-97.147
Winnipeg,CA,2025-04-13 16:00:00,6.81,3.51,6.81,7.34,overcast clouds,1010,68,5.21,8,49.8844,-97.147
Winnipeg,CA,2025-04-13 17:00:00,6.93,3.39,6.93,7.16,overcast clouds,1010,65,5.88,12,49.8844,-97.147
Winnipeg,CA,2025-04-13 18:00:00,7.96,4.55,7.96,7.96,overcast clouds,1009,60,6.28,15,49.8844,-97.147
Winnipeg,CA,2025-04-13 19:00:00,7.41,3.77,7.41,7.41,overcast clouds,1010,63,6.52,21,49.8844,-97.147
Winnipeg,CA,2025-04-13 20:00:00,5.38,1.11,5.38,5.38,overcast clouds,1010,67,6.71,24,49.8844,-97.147
Winnipeg,CA,2025-04-13 21:00:00,5.06,0.75,5.06,5.06,overcast clouds,1010,71,6.56,20,49.8844,-97.147
Winnipeg,CA,2025-04-13 22:00:00,4.32,0.12,4.32,4.32,overcast clouds,1011,74,5.8,12,49.8844,-97.147
Winnipeg,CA,2025-04-13 23:00:00,3.75,-0.63,3.75,3.75,overcast clouds,1012,79,5.87,10,49.8844,-97.147
Winnipeg,CA,2025-04-14 00:00:00,2.68,-1.99,2.68,2.68,overcast clouds,1012,89,5.88,2,49.8844,-97.147
Winnipeg,CA,2025-04-14 01:00:00,1.94,-2.65,1.94,1.94,light snow,1012,96,5.31,349,49.8844,-97.147
Winnipeg,CA,2025-04-14 02:00:00,1.67,-3.12,1.67,1.67,overcast clouds,1012,95,5.57,343,49.8844,-97.147
Winnipeg,CA,2025-04-14 03:00:00,1.55,-3.26,1.55,1.55,overcast clouds,1013,95,5.53,339,49.8844,-97.147
Winnipeg,CA,2025-04-14 04:00:00,1.52,-3.36,1.52,1.52,light snow,1013,95,5.67,335,49.8844,-97.147
Winnipeg,CA,2025-04-14 05:00:00,1.17,-3.91,1.17,1.17,light snow,1013,94,5.88,330,49.8844,-97.147
Winnipeg,CA,2025-04-14 06:00:00,1.08,-4.01,1.08,1.08,light snow,1013,90,5.86,328,49.8844,-97.147
Winnipeg,CA,2025-04-14 07:00:00,0.99,-4.07,0.99,0.99,overcast clouds,1013,88,5.75,328,49.8844,-97.147
Winnipeg,CA,2025-04-14 08:00:00,0.51,-4.68,0.51,0.51,overcast clouds,1014,92,5.76,329,49.8844,-97.147
Winnipeg,CA,2025-04-14 09:00:00,0.23,-5.07,0.23,0.23,light snow,1014,93,5.83,329,49.8844,-97.147
Winnipeg,CA,2025-04-14 10:00:00,0.41,-5.01,0.41,0.41,light snow,1015,91,6.17,330,49.8844,-97.147
Winnipeg,CA,2025-04-14 11:00:00,0.96,-4.49,0.96,0.96,light snow,1015,88,6.56,335,49.8844,-97.147
Winnipeg,CA,2025-04-14 12:00:00,1.55,-3.78,1.55,1.55,overcast clouds,1015,85,6.66,338,49.8844,-97.147
Toronto,CA,2025-04-13 13:00:00,12.15,10.26,12.15,12.44,few clouds,1018,32,0.69,250,43.7001,-79.4163
Toronto,CA,2025-04-13 14:00:00,12.32,10.47,12.32,13,few clouds,1018,33,1.28,191,43.7001,-79.4163
Toronto,CA,2025-04-13 15:00:00,12.56,10.73,12.56,13.17,few clouds,1018,33,1.39,186,43.7001,-79.4163
Toronto,CA,2025-04-13 16:00:00,13.24,11.43,13.24,13.97,few clouds,1017,31,1.85,190,43.7001,-79.4163
Toronto,CA,2025-04-13 17:00:00,14.24,12.5,14.24,14.76,scattered clouds,1016,30,2.05,196,43.7001,-79.4163
Toronto,CA,2025-04-13 18:00:00,15.64,14.04,15.64,15.64,broken clouds,1015,30,2.05,191,43.7001,-79.4163
Toronto,CA,2025-04-13 19:00:00,15.28,13.7,15.28,15.28,broken clouds,1015,32,2.47,179,43.7001,-79.4163
Toronto,CA,2025-04-13 20:00:00,12.83,10.98,12.83,12.83,broken clouds,1015,31,3.1,171,43.7001,-79.4163
Toronto,CA,2025-04-13 21:00:00,10.1,8.16,10.1,10.1,broken clouds,1015,38,2.84,172,43.7001,-79.4163
Toronto,CA,2025-04-13 22:00:00,9.65,8.37,9.65,9.65,overcast clouds,1015,51,2.56,160,43.7001,-79.4163
Toronto,CA,2025-04-13 23:00:00,8.8,7.38,8.8,8.8,overcast clouds,1015,61,2.53,175,43.7001,-79.4163
Toronto,CA,2025-04-14 00:00:00,8.27,7.5,8.27,8.27,overcast clouds,1015,63,1.66,186,43.7001,-79.4163
Toronto,CA,2025-04-14 01:00:00,8.1,6.93,8.1,8.1,overcast clouds,1014,63,2.06,212,43.7001,-79.4163
Toronto,CA,2025-04-14 02:00:00,7.93,7.01,7.93,7.93,overcast clouds,1014,63,1.76,203,43.7001,-79.4163
Toronto,CA,2025-04-14 03:00:00,7.55,6.38,7.55,7.55,overcast clouds,1014,60,1.95,221,43.7001,-79.4163
Toronto,CA,2025-04-14 04:00:00,7.24,6.29,7.24,7.24,overcast clouds,1013,60,1.69,216,43.7001,-79.4163
Toronto,CA,2025-04-14 05:00:00,7,5.97,7,7,overcast clouds,1012,65,1.73,217,43.7001,-79.4163
Toronto,CA,2025-04-14 06:00:00,6.72,5.63,6.72,6.72,overcast clouds,1011,73,1.74,181,43.7001,-79.4163
Toronto,CA,2025-04-14 07:00:00,6.25,4.69,6.25,6.25,overcast clouds,1011,83,2.14,148,43.7001,-79.4163
Toronto,CA,2025-04-14 08:00:00,5.87,3.87,5.87,5.87,overcast clouds,1011,90,2.57,176,43.7001,-79.4163
Toronto,CA,2025-04-14 09:00:00,5.73,3.77,5.73,5.73,overcast clouds,1010,91,2.5,163,43.7001,-79.4163
Toronto,CA,2025-04-14 10:00:00,6.16,4.09,6.16,6.16,overcast clouds,1009,88,2.74,152,43.7001,-79.4163
Toronto,CA,2025-04-14 11:00:00,6.88,4.68,6.88,6.88,overcast clouds,1009,84,3.12,148,43.7001,-79.4163
Toronto,CA,2025-04-14 12:00:00,8.79,6.65,8.79,8.79,overcast clouds,1007,74,3.72,138,43.7001,-79.4163
Ottawa,CA,2025-04-13 13:00:00,10.49,9.24,8.71,10.49,scattered clouds,1017,63,1.86,309,45.4112,-75.6981
Ottawa,CA,2025-04-13 14:00:00,10.42,9.19,10.16,10.42,broken clouds,1017,64,2.18,325,45.4112,-75.6981
Ottawa,CA,2025-04-13 15:00:00,11.48,10.28,11.48,12.96,broken clouds,1017,61,2.85,347,45.4112,-75.6981
Ottawa,CA,2025-04-13 16:00:00,12.73,11.57,12.73,14.22,scattered clouds,1016,58,3.27,345,45.4112,-75.6981
Ottawa,CA,2025-04-13 17:00:00,13.69,12.73,13.69,14.49,broken clouds,1015,62,2.74,349,45.4112,-75.6981
Ottawa,CA,2025-04-13 18:00:00,14.99,14.32,14.99,14.99,broken clouds,1015,68,2.26,335,45.4112,-75.6981
Ottawa,CA,2025-04-13 19:00:00,14.79,14.18,14.79,14.79,broken clouds,1015,71,1.88,332,45.4112,-75.6981
Ottawa,CA,2025-04-13 20:00:00,14.09,13.43,14.09,14.09,broken clouds,1015,72,1.95,314,45.4112,-75.6981
Ottawa,CA,2025-04-13 21:00:00,12.32,11.62,12.32,12.32,broken clouds,1015,77,2.04,311,45.4112,-75.6981
Ottawa,CA,2025-04-13 22:00:00,10.11,9.24,10.11,10.11,clear sky,1015,79,2.53,300,45.4112,-75.6981
Ottawa,CA,2025-04-13 23:00:00,6.24,4.91,6.24,6.24,clear sky,1015,80,1.9,319,45.4112,-75.6981
Ottawa,CA,2025-04-14 00:00:00,5.95,4.58,5.95,5.95,clear sky,1014,79,1.9,335,45.4112,-75.6981
Ottawa,CA,2025-04-14 01:00:00,5.52,4.26,5.52,5.52,clear sky,1014,80,1.73,341,45.4112,-75.6981
Ottawa,CA,2025-04-14 02:00:00,5.06,3.69,5.06,5.06,clear sky,1014,81,1.77,311,45.4112,-75.6981
Ottawa,CA,2025-04-14 03:00:00,4.67,3.37,4.67,4.67,clear sky,1014,82,1.66,316,45.4112,-75.6981
Ottawa,CA,2025-04-14 04:00:00,4.21,2.68,4.21,4.21,few clouds,1014,83,1.79,305,45.4112,-75.6981
Ottawa,CA,2025-04-14 05:00:00,3.74,3.74,3.74,3.74,few clouds,1013,84,1.07,328,45.4112,-75.6981
Ottawa,CA,2025-04-14 06:00:00,3.43,3.43,3.43,3.43,scattered clouds,1013,85,0.48,360,45.4112,-75.6981
Ottawa,CA,2025-04-14 07:00:00,3.05,3.05,3.05,3.05,scattered clouds,1013,86,0.49,122,45.4112,-75.6981
Ottawa,CA,2025-04-14 08:00:00,3.29,2.03,3.29,3.29,broken clouds,1012,87,1.48,90,45.4112,-75.6981
Ottawa,CA,2025-04-14 09:00:00,4.75,3.43,4.75,4.75,broken clouds,1012,84,1.68,111,45.4112,-75.6981
Ottawa,CA,2025-04-14 10:00:00,6.16,4.66,6.16,6.16,overcast clouds,1012,80,2.06,117,45.4112,-75.6981
Ottawa,CA,2025-04-14 11:00:00,7.47,6.09,7.47,7.47,overcast clouds,1012,76,2.17,124,45.4112,-75.6981
Ottawa,CA,2025-04-14 12:00:00,9.34,7.84,9.34,9.34,overcast clouds,1010,71,2.8,125,45.4112,-75.6981
Montreal,CA,2025-04-13 13:00:00,8.39,5.78,8.35,8.39,broken clouds,1016,67,4.53,19,45.5088,-73.5878
Montreal,CA,2025-04-13 14:00:00,8.49,6.31,8.49,8.9,broken clouds,1016,65,3.67,19,45.5088,-73.5878
Montreal,CA,2025-04-13 15:00:00,9.12,7.4,9.12,10.21,overcast clouds,1016,63,3.1,20,45.5088,-73.5878
Montreal,CA,2025-04-13 16:00:00,9.91,8.33,9.91,10.92,overcast clouds,1015,60,3.13,11,45.5088,-73.5878
Montreal,CA,2025-04-13 17:00:00,10.77,9.39,10.77,11.36,overcast clouds,1014,57,2.87,7,45.5088,-73.5878
Montreal,CA,2025-04-13 18:00:00,11.98,10.64,11.98,11.98,overcast clouds,1014,54,2.63,8,45.5088,-73.5878
Montreal,CA,2025-04-13 19:00:00,11.96,10.62,11.96,11.96,overcast clouds,1014,54,2.27,9,45.5088,-73.5878
Montreal,CA,2025-04-13 20:00:00,11.05,9.78,11.05,11.05,overcast clouds,1014,60,1.47,0,45.5088,-73.5878
Montreal,CA,2025-04-13 21:00:00,9.24,8.8,9.24,9.24,overcast clouds,1013,64,1.48,354,45.5088,-73.5878
Montreal,CA,2025-04-13 22:00:00,8.51,7.91,8.51,8.51,overcast clouds,1014,68,1.54,356,45.5088,-73.5878
Montreal,CA,2025-04-13 23:00:00,7.47,6.8,7.47,7.47,overcast clouds,1014,74,1.47,41,45.5088,-73.5878
Montreal,CA,2025-04-14 00:00:00,6.84,6.84,6.84,6.84,overcast clouds,1014,77,1.31,77,45.5088,-73.5878
Montreal,CA,2025-04-14 01:00:00,6.11,5.09,6.11,6.11,overcast clouds,1014,78,1.6,69,45.5088,-73.5878
Montreal,CA,2025-04-14 02:00:00,5.19,3.87,5.19,5.19,broken clouds,1014,81,1.74,49,45.5088,-73.5878
Montreal,CA,2025-04-14 03:00:00,4.66,2.9,4.66,4.66,broken clouds,1013,82,2.07,52,45.5088,-73.5878
Montreal,CA,2025-04-14 04:00:00,3.94,2.44,3.94,3.94,clear sky,1013,82,1.73,49,45.5088,-73.5878
Montreal,CA,2025-04-14 05:00:00,3.49,3.49,3.49,3.49,clear sky,1013,82,1.28,30,45.5088,-73.5878
Montreal,CA,2025-04-14 06:00:00,3.16,3.16,3.16,3.16,clear sky,1013,83,1.18,357,45.5088,-73.5878
Montreal,CA,2025-04-14 07:00:00,2.84,2.84,2.84,2.84,clear sky,1013,85,0.85,16,45.5088,-73.5878
Montreal,CA,2025-04-14 08:00:00,3.05,3.05,3.05,3.05,clear sky,1013,85,0.78,328,45.5088,-73.5878
Montreal,CA,2025-04-14 09:00:00,4.2,4.2,4.2,4.2,clear sky,1013,80,0.55,50,45.5088,-73.5878
Montreal,CA,2025-04-14 10:00:00,5.58,5.58,5.58,5.58,clear sky,1012,72,1.09,43,45.5088,-73.5878
Montreal,CA,2025-04-14 11:00:00,7.18,7.18,7.18,7.18,broken clouds,1012,61,0.94,64,45.5088,-73.5878
Montreal,CA,2025-04-14 12:00:00,8.72,8.72,8.72,8.72,broken clouds,1011,54,0.69,7,45.5088,-73.5878
Québec,CA,2025-04-13 13:00:00,7.16,3.79,7.11,7.16,broken clouds,1016,57,5.6,70,46.8123,-71.2145
Québec,CA,2025-04-13 14:00:00,7.14,3.76,7.07,7.14,broken clouds,1016,60,5.6,67,46.8123,-71.2145
Québec,CA,2025-04-13 15:00:00,7.18,3.79,7.18,7.21,overcast clouds,1016,62,5.67,70,46.8123,-71.2145
Québec,CA,2025-04-13 16:00:00,6.6,2.92,6.23,6.6,overcast clouds,1015,66,6.01,71,46.8123,-71.2145
Québec,CA,2025-04-13 17:00:00,6.25,2.67,6.02,6.25,overcast clouds,1014,69,5.53,67,46.8123,-71.2145
Québec,CA,2025-04-13 18:00:00,5.33,1.63,5.33,5.33,overcast clouds,1015,73,5.25,67,46.8123,-71.2145
Québec,CA,2025-04-13 19:00:00,4.82,1.19,4.82,4.82,overcast clouds,1015,70,4.84,69,46.8123,-71.2145
Québec,CA,2025-04-13 20:00:00,4.39,0.79,4.39,4.39,overcast clouds,1014,70,4.58,68,46.8123,-71.2145
Québec,CA,2025-04-13 21:00:00,3.72,0.1,3.72,3.72,overcast clouds,1015,74,4.31,66,46.8123,-71.2145
Québec,CA,2025-04-13 22:00:00,3.05,-0.78,3.05,3.05,overcast clouds,1015,79,4.4,56,46.8123,-71.2145
Québec,CA,2025-04-13 23:00:00,2.47,-0.98,2.47,2.47,overcast clouds,1014,83,3.59,53,46.8123,-71.2145
Québec,CA,2025-04-14 00:00:00,2.17,-0.98,2.17,2.17,overcast clouds,1014,85,3.11,61,46.8123,-71.2145
Québec,CA,2025-04-14 01:00:00,1.95,-0.61,1.95,1.95,broken clouds,1014,86,2.4,55,46.8123,-71.2145
Québec,CA,2025-04-14 02:00:00,1.52,0.13,1.52,1.52,broken clouds,1014,88,1.4,65,46.8123,-71.2145
Québec,CA,2025-04-14 03:00:00,1.01,1.01,1.01,1.01,broken clouds,1013,89,0.99,50,46.8123,-71.2145
Québec,CA,2025-04-14 04:00:00,0.69,0.69,0.69,0.69,few clouds,1013,90,0.76,8,46.8123,-71.2145
Québec,CA,2025-04-14 05:00:00,0.43,0.43,0.43,0.43,few clouds,1013,91,0.81,334,46.8123,-71.2145
Québec,CA,2025-04-14 06:00:00,0.59,0.59,0.59,0.59,few clouds,1013,91,0.41,359,46.8123,-71.2145
Québec,CA,2025-04-14 07:00:00,0.24,0.24,0.24,0.24,few clouds,1013,92,0.61,330,46.8123,-71.2145
Québec,CA,2025-04-14 08:00:00,1.21,1.21,1.21,1.21,few clouds,1012,87,0.32,325,46.8123,-71.2145
Québec,CA,2025-04-14 09:00:00,3.21,3.21,3.21,3.21,few clouds,1012,77,1.16,273,46.8123,-71.2145
Québec,CA,2025-04-14 10:00:00,5.11,5.11,5.11,5.11,clear sky,1012,67,0.41,270,46.8123,-71.2145
Québec,CA,2025-04-14 11:00:00,6.9,6.9,6.9,6.9,few clouds,1011,58,0.13,32,46.8123,-71.2145
Québec,CA,2025-04-14 12:00:00,8.36,8.36,8.36,8.36,few clouds,1011,53,0.42,300,46.8123,-71.2145
Fredericton,CA,2025-04-13 13:00:00,1.9,-2.98,1.9,2.54,light rain,1012,90,5.87,55,45.9454,-66.6656
Fredericton,CA,2025-04-13 14:00:00,2.01,-2.65,2.01,2.44,moderate rain,1012,91,5.47,46,45.9454,-66.6656
Fredericton,CA,2025-04-13 15:00:00,2.08,-2.55,2.08,2.34,moderate rain,1011,92,5.45,40,45.9454,-66.6656
Fredericton,CA,2025-04-13 16:00:00,1.97,-2.74,1.97,2.02,moderate rain,1010,94,5.56,44,45.9454,-66.6656
Fredericton,CA,2025-04-13 17:00:00,1.69,-3.15,1.64,1.69,moderate rain,1009,94,5.67,42,45.9454,-66.6656
Fredericton,CA,2025-04-13 18:00:00,1.6,-3.27,1.6,1.6,light rain,1008,93,5.68,40,45.9454,-66.6656
Fredericton,CA,2025-04-13 19:00:00,1.36,-3.53,1.36,1.36,light rain,1008,93,5.6,38,45.9454,-66.6656
Fredericton,CA,2025-04-13 20:00:00,1.4,-3.48,1.4,1.4,light rain,1008,93,5.61,37,45.9454,-66.6656
Fredericton,CA,2025-04-13 21:00:00,1.18,-3.94,1.18,1.18,moderate rain,1008,94,5.98,28,45.9454,-66.6656
Fredericton,CA,2025-04-13 22:00:00,1.22,-3.37,1.22,1.22,moderate rain,1008,94,4.96,35,45.9454,-66.6656
Fredericton,CA,2025-04-13 23:00:00,1.12,-3.58,1.12,1.12,light rain,1008,95,5.11,32,45.9454,-66.6656
Fredericton,CA,2025-04-14 00:00:00,1.32,-3.26,1.32,1.32,light rain,1007,95,4.99,32,45.9454,-66.6656
Fredericton,CA,2025-04-14 01:00:00,1.41,-3.25,1.41,1.41,overcast clouds,1006,96,5.17,36,45.9454,-66.6656
Fredericton,CA,2025-04-14 02:00:00,1.27,-3.14,1.27,1.27,light rain,1006,96,4.67,33,45.9454,-66.6656
Fredericton,CA,2025-04-14 03:00:00,1.1,-3.23,1.1,1.1,overcast clouds,1006,97,4.46,25,45.9454,-66.6656
Fredericton,CA,2025-04-14 04:00:00,1.12,-3.13,1.12,1.12,light rain,1006,96,4.35,17,45.9454,-66.6656
Fredericton,CA,2025-04-14 05:00:00,1.08,-3.22,1.08,1.08,light rain,1006,96,4.41,14,45.9454,-66.6656
Fredericton,CA,2025-04-14 06:00:00,1.14,-3.1,1.14,1.14,light rain,1006,96,4.34,12,45.9454,-66.6656
Fredericton,CA,2025-04-14 07:00:00,1.23,-3.02,1.23,1.23,light rain,1006,95,4.38,15,45.9454,-66.6656
Fredericton,CA,2025-04-14 08:00:00,1.39,-2.83,1.39,1.39,light rain,1006,95,4.4,11,45.9454,-66.6656
Fredericton,CA,2025-04-14 09:00:00,1.67,-2.41,1.67,1.67,light rain,1006,95,4.28,12,45.9454,-66.6656
Fredericton,CA,2025-04-14 10:00:00,2.04,-1.93,2.04,2.04,overcast clouds,1006,94,4.25,7,45.9454,-66.6656
Fredericton,CA,2025-04-14 11:00:00,2.38,-1.53,2.38,2.38,overcast clouds,1005,94,4.27,7,45.9454,-66.6656
Fredericton,CA,2025-04-14 12:00:00,2.73,-1.07,2.73,2.73,overcast clouds,1005,93,4.22,8,45.9454,-66.6656
Saint John,CA,2025-04-13 13:00:00,3.57,-0.65,3.57,3.79,overcast clouds,1009,93,5.41,47,45.2727,-66.0677
Saint John,CA,2025-04-13 14:00:00,3.65,-0.41,3.65,3.95,light rain,1009,93,5.11,43,45.2727,-66.0677
Saint John,CA,2025-04-13 15:00:00,3.65,-0.37,3.65,3.77,light rain,1008,94,5.03,45,45.2727,-66.0677
Saint John,CA,2025-04-13 16:00:00,3.74,-0.18,3.74,3.86,light rain,1007,94,4.88,42,45.2727,-66.0677
Saint John,CA,2025-04-13 17:00:00,4.03,0.32,4.03,4.14,light rain,1007,95,4.61,36,45.2727,-66.0677
Saint John,CA,2025-04-13 18:00:00,3.39,-0.51,3.39,3.39,light rain,1005,95,4.68,29,45.2727,-66.0677
Saint John,CA,2025-04-13 19:00:00,2.87,-1.62,2.87,2.87,light rain,1005,95,5.59,26,45.2727,-66.0677
Saint John,CA,2025-04-13 20:00:00,2.43,-2.15,2.43,2.43,light rain,1005,95,5.54,26,45.2727,-66.0677
Saint John,CA,2025-04-13 21:00:00,2.34,-2.09,2.34,2.34,light rain,1005,94,5.2,19,45.2727,-66.0677
Saint John,CA,2025-04-13 22:00:00,2.17,-2.38,2.17,2.17,overcast clouds,1005,95,5.34,19,45.2727,-66.0677
Saint John,CA,2025-04-13 23:00:00,2.12,-2.3,2.12,2.12,overcast clouds,1005,95,5.06,15,45.2727,-66.0677
Saint John,CA,2025-04-14 00:00:00,2.03,-2.35,2.03,2.03,light rain,1004,96,4.95,15,45.2727,-66.0677
Saint John,CA,2025-04-14 01:00:00,1.96,-2.47,1.96,1.96,light rain,1004,96,5.01,17,45.2727,-66.0677
Saint John,CA,2025-04-14 02:00:00,1.63,-2.94,1.63,1.63,overcast clouds,1003,96,5.12,15,45.2727,-66.0677
Saint John,CA,2025-04-14 03:00:00,1.38,-3.28,1.38,1.38,light rain,1003,96,5.17,14,45.2727,-66.0677
Saint John,CA,2025-04-14 04:00:00,1.21,-3.56,1.21,1.21,light rain,1003,96,5.29,9,45.2727,-66.0677
Saint John,CA,2025-04-14 05:00:00,1.02,-3.92,1.02,1.02,light rain,1003,96,5.53,5,45.2727,-66.0677
Saint John,CA,2025-04-14 06:00:00,0.9,-4.3,0.9,0.9,light rain,1003,95,5.99,4,45.2727,-66.0677
Saint John,CA,2025-04-14 07:00:00,0.85,-4.45,0.85,0.85,light rain,1003,95,6.17,3,45.2727,-66.0677
Saint John,CA,2025-04-14 08:00:00,1.05,-4.25,1.05,1.05,light rain,1003,94,6.28,7,45.2727,-66.0677
Saint John,CA,2025-04-14 09:00:00,1.23,-3.87,1.23,1.23,overcast clouds,1004,94,5.96,3,45.2727,-66.0677
Saint John,CA,2025-04-14 10:00:00,1.56,-3.39,1.56,1.56,overcast clouds,1003,94,5.82,1,45.2727,-66.0677
Saint John,CA,2025-04-14 11:00:00,2.16,-2.56,2.16,2.16,overcast clouds,1003,94,5.69,1,45.2727,-66.0677
Saint John,CA,2025-04-14 12:00:00,2.45,-2.3,2.45,2.45,overcast clouds,1003,93,5.9,358,45.2727,-66.0677
Halifax,CA,2025-04-13 13:00:00,4.9,0.66,4.9,5.6,overcast clouds,1009,94,6.28,70,44.6453,-63.5724
Halifax,CA,2025-04-13 14:00:00,5.15,0.95,5.15,6.15,light rain,1009,94,6.34,75,44.6453,-63.5724
Halifax,CA,2025-04-13 15:00:00,5.44,1.39,5.44,6.25,light rain,1008,95,6.16,79,44.6453,-63.5724
Halifax,CA,2025-04-13 16:00:00,5.52,1.52,5.52,5.93,light rain,1007,96,6.09,77,44.6453,-63.5724
Halifax,CA,2025-04-13 17:00:00,5.42,1.32,5.42,5.55,overcast clouds,1006,97,6.28,80,44.6453,-63.5724
Halifax,CA,2025-04-13 18:00:00,5.32,1.45,5.32,5.32,light rain,1005,98,5.64,80,44.6453,-63.5724
Halifax,CA,2025-04-13 19:00:00,4.82,0.95,4.82,4.82,overcast clouds,1005,98,5.34,81,44.6453,-63.5724
Halifax,CA,2025-04-13 20:00:00,4.61,0.89,4.61,4.61,overcast clouds,1004,98,4.92,76,44.6453,-63.5724
Halifax,CA,2025-04-13 21:00:00,4.82,1.4,4.82,4.82,overcast clouds,1004,99,4.43,71,44.6453,-63.5724
Halifax,CA,2025-04-13 22:00:00,5.1,2.16,5.1,5.1,overcast clouds,1004,99,3.7,65,44.6453,-63.5724
Halifax,CA,2025-04-13 23:00:00,5.19,2.39,5.19,5.19,overcast clouds,1003,99,3.5,59,44.6453,-63.5724
Halifax,CA,2025-04-14 00:00:00,5.16,2.4,5.16,5.16,overcast clouds,1002,99,3.43,56,44.6453,-63.5724
Halifax,CA,2025-04-14 01:00:00,5.09,2.44,5.09,5.09,overcast clouds,1002,99,3.25,59,44.6453,-63.5724
Halifax,CA,2025-04-14 02:00:00,5.13,2.58,5.13,5.13,overcast clouds,1001,99,3.12,55,44.6453,-63.5724
Halifax,CA,2025-04-14 03:00:00,5.31,3.17,5.31,5.31,overcast clouds,1001,99,2.62,49,44.6453,-63.5724
Halifax,CA,2025-04-14 04:00:00,5.45,3.39,5.45,5.45,light rain,1001,99,2.55,55,44.6453,-63.5724
Halifax,CA,2025-04-14 05:00:00,5.44,3.44,5.44,5.44,overcast clouds,1000,99,2.48,53,44.6453,-63.5724
Halifax,CA,2025-04-14 06:00:00,5.54,3.86,5.54,5.54,light rain,1000,99,2.14,19,44.6453,-63.5724
Halifax,CA,2025-04-14 07:00:00,5.64,4.2,5.64,5.64,overcast clouds,999,99,1.92,8,44.6453,-63.5724
Halifax,CA,2025-04-14 08:00:00,5.34,3.49,5.34,5.34,light rain,1000,98,2.29,344,44.6453,-63.5724
Halifax,CA,2025-04-14 09:00:00,4.92,2.28,4.92,4.92,overcast clouds,1000,98,3.18,342,44.6453,-63.5724
Halifax,CA,2025-04-14 10:00:00,4.68,1.29,4.68,4.68,overcast clouds,999,96,4.31,340,44.6453,-63.5724
Halifax,CA,2025-04-14 11:00:00,4.45,0.59,4.45,4.45,overcast clouds,999,94,5.13,338,44.6453,-63.5724
Halifax,CA,2025-04-14 12:00:00,4.75,0.89,4.75,4.75,overcast clouds,998,92,5.29,339,44.6453,-63.5724
Dartmouth,CA,2025-04-13 13:00:00,4.77,0.74,4.77,5.58,overcast clouds,1009,94,5.67,71,44.6713,-63.5772
Dartmouth,CA,2025-04-13 14:00:00,5.05,1.08,5.05,6.16,light rain,1009,94,5.71,74,44.6713,-63.5772
Dartmouth,CA,2025-04-13 15:00:00,5.39,1.61,5.39,6.33,light rain,1008,95,5.47,81,44.6713,-63.5772
Dartmouth,CA,2025-04-13 16:00:00,5.51,1.8,5.51,6,light rain,1007,96,5.38,79,44.6713,-63.5772
Dartmouth,CA,2025-04-13 17:00:00,5.43,1.6,5.43,5.59,overcast clouds,1006,97,5.62,82,44.6713,-63.5772
Dartmouth,CA,2025-04-13 18:00:00,5.35,1.75,5.35,5.35,light rain,1005,97,5.05,83,44.6713,-63.5772
Dartmouth,CA,2025-04-13 19:00:00,4.78,1.19,4.78,4.78,overcast clouds,1005,98,4.74,84,44.6713,-63.5772
Dartmouth,CA,2025-04-13 20:00:00,4.49,1.03,4.49,4.49,overcast clouds,1004,98,4.36,79,44.6713,-63.5772
Dartmouth,CA,2025-04-13 21:00:00,4.7,1.54,4.7,4.7,overcast clouds,1004,99,3.92,73,44.6713,-63.5772
Dartmouth,CA,2025-04-13 22:00:00,4.96,2.29,4.96,4.96,overcast clouds,1004,99,3.23,66,44.6713,-63.5772
Dartmouth,CA,2025-04-13 23:00:00,5.03,2.51,5.03,5.03,overcast clouds,1003,99,3.04,60,44.6713,-63.5772
Dartmouth,CA,2025-04-14 00:00:00,5.02,2.54,5.02,5.02,overcast clouds,1002,99,2.99,56,44.6713,-63.5772
Dartmouth,CA,2025-04-14 01:00:00,4.97,2.61,4.97,4.97,overcast clouds,1002,99,2.81,59,44.6713,-63.5772
Dartmouth,CA,2025-04-14 02:00:00,5.02,2.74,5.02,5.02,overcast clouds,1001,99,2.72,53,44.6713,-63.5772
Dartmouth,CA,2025-04-14 03:00:00,5.2,3.31,5.2,5.2,overcast clouds,1001,99,2.3,46,44.6713,-63.5772
Dartmouth,CA,2025-04-14 04:00:00,5.34,3.55,5.34,5.34,light rain,1001,99,2.22,52,44.6713,-63.5772
Dartmouth,CA,2025-04-14 05:00:00,5.31,3.57,5.31,5.31,overcast clouds,1000,99,2.16,50,44.6713,-63.5772
Dartmouth,CA,2025-04-14 06:00:00,5.39,3.81,5.39,5.39,light rain,1000,99,2.01,13,44.6713,-63.5772
Dartmouth,CA,2025-04-14 07:00:00,5.42,3.86,5.42,5.42,overcast clouds,999,99,2,2,44.6713,-63.5772
Dartmouth,CA,2025-04-14 08:00:00,5.02,2.92,5.02,5.02,light rain,1000,98,2.5,342,44.6713,-63.5772
Dartmouth,CA,2025-04-14 09:00:00,4.53,1.75,4.53,4.53,overcast clouds,1000,98,3.27,342,44.6713,-63.5772
Dartmouth,CA,2025-04-14 10:00:00,4.27,0.82,4.27,4.27,overcast clouds,999,96,4.24,340,44.6713,-63.5772
Dartmouth,CA,2025-04-14 11:00:00,4,0.08,4,4,overcast clouds,999,94,5.02,338,44.6713,-63.5772
Dartmouth,CA,2025-04-14 12:00:00,4.34,0.43,4.34,4.34,overcast clouds,998,92,5.17,339,44.6713,-63.5772
Charlottetown,CA,2025-04-13 13:00:00,4.15,-0.07,3.63,4.15,overcast clouds,1013,89,5.73,67,46.2352,-63.1267
Charlottetown,CA,2025-04-13 14:00:00,3.99,-0.39,3.36,3.99,overcast clouds,1013,88,6,59,46.2352,-63.1267
Charlottetown,CA,2025-04-13 15:00:00,3.87,-0.47,3.44,3.87,overcast clouds,1012,87,5.85,55,46.2352,-63.1267
Charlottetown,CA,2025-04-13 16:00:00,3.76,-0.5,3.5,3.76,overcast clouds,1011,86,5.59,53,46.2352,-63.1267
Charlottetown,CA,2025-04-13 17:00:00,3.16,-1.55,2.91,3.16,light rain,1009,89,6.26,50,46.2352,-63.1267
Charlottetown,CA,2025-04-13 18:00:00,2.62,-2.11,2.62,2.62,moderate rain,1007,95,5.97,56,46.2352,-63.1267
Charlottetown,CA,2025-04-13 19:00:00,3.75,-0.33,3.75,3.75,moderate rain,1007,96,5.21,64,46.2352,-63.1267
Charlottetown,CA,2025-04-13 20:00:00,3.44,-0.19,3.44,3.44,light rain,1007,97,4.22,57,46.2352,-63.1267
Charlottetown,CA,2025-04-13 21:00:00,3.31,0.05,3.31,3.31,light rain,1007,98,3.59,49,46.2352,-63.1267
Charlottetown,CA,2025-04-13 22:00:00,3.18,-0.4,3.18,3.18,light rain,1006,98,4.04,50,46.2352,-63.1267
Charlottetown,CA,2025-04-13 23:00:00,2.87,-0.42,2.87,2.87,light rain,1005,98,3.49,36,46.2352,-63.1267
Charlottetown,CA,2025-04-14 00:00:00,2.61,-0.97,2.61,2.61,overcast clouds,1005,98,3.84,26,46.2352,-63.1267
Charlottetown,CA,2025-04-14 01:00:00,2.24,-1.52,2.24,2.24,overcast clouds,1004,98,3.98,28,46.2352,-63.1267
Charlottetown,CA,2025-04-14 02:00:00,2.22,-1.3,2.22,2.22,overcast clouds,1003,98,3.62,30,46.2352,-63.1267
Charlottetown,CA,2025-04-14 03:00:00,2.36,-0.82,2.36,2.36,overcast clouds,1003,99,3.19,23,46.2352,-63.1267
Charlottetown,CA,2025-04-14 04:00:00,2.45,-0.38,2.45,2.45,overcast clouds,1002,99,2.79,21,46.2352,-63.1267
Charlottetown,CA,2025-04-14 05:00:00,2.51,-0.07,2.51,2.51,overcast clouds,1002,99,2.52,23,46.2352,-63.1267
Charlottetown,CA,2025-04-14 06:00:00,2.22,-0.9,2.22,2.22,overcast clouds,1001,98,3.08,358,46.2352,-63.1267
Charlottetown,CA,2025-04-14 07:00:00,1.75,-1.82,1.75,1.75,overcast clouds,1001,98,3.55,355,46.2352,-63.1267
Charlottetown,CA,2025-04-14 08:00:00,1.28,-2.87,1.28,1.28,overcast clouds,1001,98,4.24,349,46.2352,-63.1267
Charlottetown,CA,2025-04-14 09:00:00,1.07,-3.23,1.07,1.07,light rain,1001,97,4.4,350,46.2352,-63.1267
Charlottetown,CA,2025-04-14 10:00:00,1.16,-3.54,1.16,1.16,overcast clouds,1001,97,5.13,339,46.2352,-63.1267
Charlottetown,CA,2025-04-14 11:00:00,1.2,-4.06,1.2,1.2,overcast clouds,1000,96,6.28,347,46.2352,-63.1267
Charlottetown,CA,2025-04-14 12:00:00,1.38,-4.47,1.38,1.38,overcast clouds,998,96,7.83,355,46.2352,-63.1267
St. John's,CA,2025-04-13 13:00:00,10.66,8.36,5.55,10.66,scattered clouds,1022,22,5.07,154,47.5649,-52.7093
St. John's,CA,2025-04-13 14:00:00,9.59,7.16,5.3,9.59,scattered clouds,1022,29,4.79,154,47.5649,-52.7093
St. John's,CA,2025-04-13 15:00:00,8.27,5.24,4.68,8.27,broken clouds,1022,37,5.48,154,47.5649,-52.7093
St. John's,CA,2025-04-13 16:00:00,6.25,2.84,3.31,6.25,broken clouds,1021,48,5.13,146,47.5649,-52.7093
St. John's,CA,2025-04-13 17:00:00,4.65,0.99,3.15,4.65,overcast clouds,1020,58,4.81,140,47.5649,-52.7093
St. John's,CA,2025-04-13 18:00:00,1.84,-2.29,1.84,1.84,light rain,1020,78,4.43,134,47.5649,-52.7093
St. John's,CA,2025-04-13 19:00:00,1.46,-2.99,1.46,1.46,light rain,1019,85,4.82,124,47.5649,-52.7093
St. John's,CA,2025-04-13 20:00:00,1.14,-4.05,1.14,1.14,light rain,1018,92,6.09,119,47.5649,-52.7093
St. John's,CA,2025-04-13 21:00:00,1.16,-3.64,1.16,1.16,moderate rain,1017,97,5.32,111,47.5649,-52.7093
St. John's,CA,2025-04-13 22:00:00,1.13,-3.57,1.13,1.13,moderate rain,1016,98,5.13,111,47.5649,-52.7093
St. John's,CA,2025-04-13 23:00:00,1.3,-3.4,1.3,1.3,heavy intensity rain,1015,98,5.21,103,47.5649,-52.7093
St. John's,CA,2025-04-14 00:00:00,1.52,-3.2,1.52,1.52,moderate rain,1014,98,5.35,110,47.5649,-52.7093
St. John's,CA,2025-04-14 01:00:00,1.4,-3.63,1.4,1.4,moderate rain,1013,98,5.91,111,47.5649,-52.7093
St. John's,CA,2025-04-14 02:00:00,1.3,-3.75,1.3,1.3,moderate rain,1011,98,5.89,103,47.5649,-52.7093
St. John's,CA,2025-04-14 03:00:00,1.26,-2.41,1.26,1.26,moderate rain,1011,98,3.54,105,47.5649,-52.7093
St. John's,CA,2025-04-14 04:00:00,1.31,-2.39,1.31,1.31,light rain,1010,99,3.59,98,47.5649,-52.7093
St. John's,CA,2025-04-14 05:00:00,1.29,-2.08,1.29,1.29,light rain,1009,99,3.16,81,47.5649,-52.7093
St. John's,CA,2025-04-14 06:00:00,1.43,-1.91,1.43,1.43,light rain,1009,99,3.16,82,47.5649,-52.7093
St. John's,CA,2025-04-14 07:00:00,1.46,-1.71,1.46,1.46,moderate rain,1008,99,2.96,75,47.5649,-52.7093
St. John's,CA,2025-04-14 08:00:00,1.49,-1.82,1.49,1.49,moderate rain,1008,99,3.13,63,47.5649,-52.7093
St. John's,CA,2025-04-14 09:00:00,1.67,-1.76,1.67,1.67,moderate rain,1007,99,3.33,71,47.5649,-52.7093
St. John's,CA,2025-04-14 10:00:00,1.7,-1.83,1.7,1.7,moderate rain,1006,99,3.47,83,47.5649,-52.7093
St. John's,CA,2025-04-14 11:00:00,2.1,-0.46,2.1,2.1,moderate rain,1005,99,2.42,88,47.5649,-52.7093
St. John's,CA,2025-04-14 12:00:00,2.74,0.36,2.74,2.74,light rain,1004,99,2.36,91,47.5649,-52.7093
